filename,width,height,class,xmin,ymin,xmax,ymax
sample_858_png_jpg.rf.002d6767c29de89fcb679656aa4a0b9d.jpg,250,250,speedLimit25,178,132,189,149
sample_553_png_jpg.rf.03834e6cc1b6e2798822c5b4035bd93d.jpg,250,250,pedestrianCrossing,199,69,223,103
sample_375_png_jpg.rf.0295c2fb91d85e457cbd627f7852f326.jpg,250,250,merge,211,143,228,169
sample_610_png_jpg.rf.05acb62427d79981b93e14aac973959a.jpg,250,250,keepRight,51,127,61,143
sample_538_png_jpg.rf.01ef8e1462e7e73b1b7d4b059494b50c.jpg,250,250,pedestrianCrossing,173,124,179,131
sample_129_png_jpg.rf.01e62cc140122ae3fc76bbfc01f56789.jpg,250,250,stop,49,23,58,34
sample_075_png_jpg.rf.01053e318c07958c9fa43f6a8fa1c793.jpg,250,250,stop,15,162,23,171
sample_034_png_jpg.rf.044b64c155436ba8402153568318c1f1.jpg,250,250,stop,176,158,182,167
sample_355_png_jpg.rf.05c83a585acf080845382bae5d90cd81.jpg,250,250,merge,145,141,160,162
sample_694_png_jpg.rf.031704578a078c621e5214d7cb85c747.jpg,250,250,keepRight,113,125,122,140
sample_830_png_jpg.rf.084b6b53aec068570d7cb84df753c171.jpg,250,250,speedLimit25,191,128,201,145
sample_315_png_jpg.rf.08a72d462616c10e6b3d15254db63943.jpg,250,250,merge,154,136,172,159
sample_408_png_jpg.rf.06abf8b4115d1e3d96af896d120a0681.jpg,250,250,signalAhead,52,94,69,117
sample_747_png_jpg.rf.09d5513bf0485fc1a7ca5d93add0f9ef.jpg,250,250,speedLimit35,179,93,188,110
sample_869_png_jpg.rf.0c2d9706aa7c6f859e967fefb180161f.jpg,250,250,speedLimit25,159,92,167,107
sample_357_png_jpg.rf.07b5d11d8edcc92fe64e30c0308878f6.jpg,250,250,merge,168,151,177,166
sample_529_png_jpg.rf.06991923187ee4d97314bcd91d99bba1.jpg,250,250,pedestrianCrossing,4,87,17,107
sample_761_png_jpg.rf.0787338f1dcfea0f59400e93e8ad6ea2.jpg,250,250,speedLimit35,42,118,48,128
sample_513_png_jpg.rf.09d37dddfcd1e36254cc3425a5d740b0.jpg,250,250,pedestrianCrossing,198,87,208,106
sample_263_png_jpg.rf.04212c8f34d51cc563c024121b350296.jpg,250,250,yieldAhead,156,154,168,169
sample_623_png_jpg.rf.0c3ccc44ef4b96000fed59cfeb669464.jpg,250,250,keepRight,22,114,37,140
sample_136_png_jpg.rf.0d2120809b524092bea0ad6efe22c239.jpg,250,250,stop,167,116,175,127
sample_031_png_jpg.rf.0cdd8c26af31650ab31002c2da71115c.jpg,250,250,stop,48,157,57,170
sample_668_png_jpg.rf.0ddd42479bb8f137cf7a09d8e09f3836.jpg,250,250,keepRight,58,148,65,159
sample_628_png_jpg.rf.07d05039be73c3c07e70f5f20625a479.jpg,250,250,keepRight,112,128,117,138
sample_421_png_jpg.rf.019f4f5b0ed09ae51a73b2a95d536aec.jpg,250,250,signalAhead,108,110,119,124
sample_688_png_jpg.rf.0a6585103a249a858ca774d3103b4f97.jpg,250,250,keepRight,113,125,122,140
sample_855_png_jpg.rf.0c0a68eaeefa8787a3157f4ebf075370.jpg,250,250,speedLimit25,153,96,161,109
sample_261_png_jpg.rf.126e23961d7e12a7ce6816720fa99f8d.jpg,250,250,yieldAhead,159,155,171,171
sample_212_png_jpg.rf.11928cdc16882afb86cf3a63d8b79c3e.jpg,250,250,yield,10,122,30,147
sample_415_png_jpg.rf.0ca3cd1e106975d4596ba8b045426b73.jpg,250,250,signalAhead,190,97,208,121
sample_314_png_jpg.rf.0ab66b7fcc2543a4c1b348c25d023e8f.jpg,250,250,merge,138,151,150,166
sample_545_png_jpg.rf.0eb7e95c61c9495804cdc15cfc1dcede.jpg,250,250,pedestrianCrossing,150,120,156,129
sample_674_png_jpg.rf.0d85a9ed3d2c90a151b5367e8ad3ef5d.jpg,250,250,keepRight,44,121,54,139
sample_085_png_jpg.rf.11c8052ad03532a98a4214d36d99ac7e.jpg,250,250,stop,197,116,209,133
sample_507_png_jpg.rf.0f37b97c04fc545f9e5df599c41009d8.jpg,250,250,pedestrianCrossing,167,138,179,153
sample_203_png_jpg.rf.11d56902abddbe701cbded5baf20f40f.jpg,250,250,stop,172,104,193,132
sample_193_png_jpg.rf.14deca9b0596bce5e69d3bf9d1164169.jpg,250,250,stop,36,102,42,111
sample_458_png_jpg.rf.17af592feffb2e2bca41885b657122d3.jpg,250,250,signalAhead,176,139,190,155
sample_010_png_jpg.rf.0f02ecbdf4cfc909b3b16d7b87ca4c25.jpg,250,250,stop,159,126,164,132
sample_481_png_jpg.rf.0f2ccc054031e82bef3056c516ce0a79.jpg,250,250,signalAhead,214,84,240,120
sample_112_png_jpg.rf.119f9503cd7dafb029303161a39c7d0e.jpg,250,250,stop,94,100,106,115
sample_675_png_jpg.rf.159f743053a8c7cc2efcaa5e901481e3.jpg,250,250,keepRight,0,138,18,170
sample_398_png_jpg.rf.139d338759ae3c683aa75c513b9fc41e.jpg,250,250,merge,71,94,88,121
sample_477_png_jpg.rf.0e7002002a8edbb1b678d3bac5e8b6b7.jpg,250,250,signalAhead,130,158,139,173
sample_504_png_jpg.rf.12702eceda245f41a649a7f5dad264e2.jpg,250,250,pedestrianCrossing,36,94,47,109
sample_404_png_jpg.rf.17eea637930c90326a5454ff70d0dd78.jpg,250,250,signalAhead,99,126,106,134
sample_889_png_jpg.rf.16b0e5e6203391617a20f256f53cae05.jpg,250,250,speedLimit25,205,77,216,95
sample_445_png_jpg.rf.15e0c0316da75f1043d9e6bfa50ad282.jpg,250,250,signalAhead,94,115,104,130
sample_733_png_jpg.rf.0fa287b1ac85208f9474fb734c900d6c.jpg,250,250,speedLimit35,194,115,201,126
sample_709_png_jpg.rf.187cf427b2e437bb72d38c9b62e72895.jpg,250,250,keepRight,24,176,31,189
sample_232_png_jpg.rf.17a9106a35ff36b9987e5d4224839591.jpg,250,250,yield,161,139,168,148
sample_384_png_jpg.rf.13720d17550deab911e98de56cf128e2.jpg,250,250,merge,52,108,79,152
sample_118_png_jpg.rf.18656fc5a10090e3714189d2aee05fcb.jpg,250,250,stop,202,146,210,159
sample_442_png_jpg.rf.1972fa3d97d22d2bd88e3c54f3dafc31.jpg,250,250,signalAhead,192,23,202,38
sample_842_png_jpg.rf.1a9e735579724e959fa090ccf1697511.jpg,250,250,speedLimit25,141,147,149,160
sample_717_png_jpg.rf.1a134d4ff5ea3e8ba48bb75f68b860a6.jpg,250,250,speedLimit35,176,100,186,115
sample_867_png_jpg.rf.19709cbab4a5c46ccc6490efa5b9b25a.jpg,250,250,speedLimit25,157,153,164,165
sample_860_png_jpg.rf.1cf48353f3e4628132825ffbc7ed551e.jpg,250,250,speedLimit25,196,16,204,32
sample_626_png_jpg.rf.19600bc0e8910a3f187715bd201fc351.jpg,250,250,keepRight,31,135,43,156
sample_160_png_jpg.rf.1d81df8f9164e63dac557fc5d627c8d9.jpg,250,250,stop,14,29,21,39
sample_023_png_jpg.rf.177b7be9dafb5e4250c0dc97261d57d1.jpg,250,250,stop,4,137,15,152
sample_259_png_jpg.rf.1954280e7914f81eb82c6877914af10d.jpg,250,250,yieldAhead,184,101,202,125
sample_338_png_jpg.rf.198afdef444237705d123d3c24fc8de8.jpg,250,250,merge,156,152,166,167
sample_871_png_jpg.rf.1894f50c6ddaf3a5c074a401e2fe6bba.jpg,250,250,speedLimit25,231,108,244,129
sample_680_png_jpg.rf.1b17099fa917bb76a2b9473da800a900.jpg,250,250,keepRight,96,173,103,183
sample_530_png_jpg.rf.1b21501adf10d541aad44d3a43259fc6.jpg,250,250,pedestrianCrossing,163,92,179,115
sample_727_png_jpg.rf.21e5af93e694a4f04aef0f2df86cbe3e.jpg,250,250,speedLimit35,157,144,163,153
sample_015_png_jpg.rf.219a6a3d129d861824c8db73223bedb7.jpg,250,250,stop,177,101,197,129
sample_267_png_jpg.rf.1daf8db9ea17c150e92125324fc80c2e.jpg,250,250,yieldAhead,175,136,192,160
sample_662_png_jpg.rf.215c661dbf7c8ce4984cce9eb7b75e67.jpg,250,250,keepRight,113,125,122,140
sample_166_png_jpg.rf.196bf2fb6f596d2e782d28e9216d23b5.jpg,250,250,stop,48,99,58,112
sample_108_png_jpg.rf.1fc5b9b8c425b8d825c3136ff0ef6a49.jpg,250,250,stop,226,102,239,120
sample_109_png_jpg.rf.20c3c2d0126bca847ba53ddfe4fcfd67.jpg,250,250,stop,211,55,230,81
sample_589_png_jpg.rf.1cec5454ae668cadb5453326702274f8.jpg,250,250,pedestrianCrossing,215,96,233,119
sample_618_png_jpg.rf.220dd1514b5ff194a7abd3815fd89c58.jpg,250,250,keepRight,96,173,103,183
sample_825_png_jpg.rf.1dde38cd9a5e6d06ec099282c0ab333b.jpg,250,250,speedLimit25,157,155,165,167
sample_693_png_jpg.rf.222e87e61c931922259f69fb25c9c071.jpg,250,250,keepRight,113,125,122,140
sample_282_png_jpg.rf.2208b15166a052dfe8c6fc4381a2ec28.jpg,250,250,yieldAhead,204,82,228,117
sample_276_png_jpg.rf.228651a9e54638b814f3cc57b42ecce9.jpg,250,250,yieldAhead,160,151,171,167
sample_853_png_jpg.rf.2474d0286d8d2e0cdb5b2914d6acb8c4.jpg,250,250,speedLimit25,224,74,236,92
sample_410_png_jpg.rf.2754a40654bd944a27c4bab941eb1e5e.jpg,250,250,signalAhead,172,96,199,132
sample_014_png_jpg.rf.2701bd425e726cc07c085805938e540d.jpg,250,250,stop,145,162,150,170
sample_877_png_jpg.rf.2441852ad2998ae5bf5783cea81f1c15.jpg,250,250,speedLimit25,192,19,200,34
sample_292_png_jpg.rf.2483415cd7fc1772be483a7ee5cf6856.jpg,250,250,yieldAhead,203,117,229,152
sample_510_png_jpg.rf.27b1f6941c3cc75986cf203e17719706.jpg,250,250,pedestrianCrossing,110,113,122,127
sample_667_png_jpg.rf.263e532c04ef2e264d8b2f68c2b7c4d5.jpg,250,250,keepRight,81,24,89,36
sample_493_png_jpg.rf.28a49a6ff5bf73bf93fb7d58f3872ff1.jpg,250,250,signalAhead,46,90,64,116
sample_158_png_jpg.rf.26b2f5408623db5e1177f5a781a32f84.jpg,250,250,stop,196,114,213,138
sample_122_png_jpg.rf.29ff13bf4fe2c8d37100e14262c5ced1.jpg,250,250,stop,139,114,157,138
sample_512_png_jpg.rf.2a4ce5faea0845e69ba0f9fc10abcb2c.jpg,250,250,pedestrianCrossing,165,118,174,131
sample_444_png_jpg.rf.2a808d2620491f36b3a92521fe7a2c10.jpg,250,250,signalAhead,37,100,54,123
sample_393_png_jpg.rf.2cb44e8f2f4bc274cbafbb1cd23f8c39.jpg,250,250,merge,173,147,185,164
sample_104_png_jpg.rf.2c671b22a9663860cd24c4c4a7a4c665.jpg,250,250,stop,176,132,190,152
sample_778_png_jpg.rf.2aadac4c01453a3d23cd7af29694d868.jpg,250,250,speedLimit35,28,107,37,121
sample_514_png_jpg.rf.2bac653055f382ceb3015af8bd42a654.jpg,250,250,pedestrianCrossing,180,116,190,130
sample_784_png_jpg.rf.2d238ee333350dd9a76e30bbd9600304.jpg,250,250,speedLimit35,190,9,199,25
sample_299_png_jpg.rf.3078941a247c9fe34c1304735245384d.jpg,250,250,yieldAhead,192,115,216,149
sample_485_png_jpg.rf.2b9f19cadf80667460b2c46f9cd1b45f.jpg,250,250,signalAhead,198,25,207,38
sample_737_png_jpg.rf.2d1228addcca7a0ea39b2c7140003808.jpg,250,250,speedLimit35,170,106,178,119
sample_061_png_jpg.rf.30ef675b3b0b6c49df71db013bfde527.jpg,250,250,stop,48,23,57,36
sample_044_png_jpg.rf.2c7b43a62a73499282e2f4fb3defbebd.jpg,250,250,stop,188,113,197,127
sample_101_png_jpg.rf.2d090778e603281cf27ece6bc4d945fa.jpg,250,250,stop,156,9,163,24
sample_509_png_jpg.rf.339d15cfe39afcd71c22e2123aac939b.jpg,250,250,pedestrianCrossing,195,95,229,143
sample_779_png_jpg.rf.2ce3df4b0200dab60b87a3ed531604a9.jpg,250,250,speedLimit35,48,120,54,129
sample_898_png_jpg.rf.2b1215ef03fc56ccce36a90b570fb35c.jpg,250,250,speedLimit25,225,123,236,140
sample_893_png_jpg.rf.32e5d8bfabe8c152b9f9cf5d9edee6fe.jpg,250,250,speedLimit25,215,55,221,66
sample_350_png_jpg.rf.317330e325fa3c351899e6ddfa65a9bb.jpg,250,250,merge,195,100,227,144
sample_414_png_jpg.rf.27c7f2e48c8a946dc89ee3fac7f1bb53.jpg,250,250,signalAhead,160,139,177,162
sample_508_png_jpg.rf.3363c8a51046f69aa5c6c9e606290036.jpg,250,250,pedestrianCrossing,154,100,169,120
sample_306_png_jpg.rf.2f8a2bb5033960ea259129d3c584f2ed.jpg,250,250,merge,174,118,198,152
sample_711_png_jpg.rf.35e7f0c905e0e4c42f6e7fa518bd93b7.jpg,250,250,speedLimit35,40,112,48,125
sample_850_png_jpg.rf.32711a14e8fbc18bf1936366f8a31e4f.jpg,250,250,speedLimit25,208,14,217,30
sample_536_png_jpg.rf.35095540c50f107a0007e8ae372791d1.jpg,250,250,pedestrianCrossing,201,135,210,153
sample_019_png_jpg.rf.3347b69d96f2a2d2dbbba98b0d2427dc.jpg,250,250,stop,85,17,91,27
sample_123_png_jpg.rf.2ab14393d79fee043293b7778a12c86e.jpg,250,250,stop,224,97,245,125
sample_367_png_jpg.rf.332c22922f8789512921bd3d7d48d000.jpg,250,250,merge,123,115,133,132
sample_622_png_jpg.rf.34137185fada6bc4bcc07ec8ea22ea01.jpg,250,250,keepRight,60,170,70,188
sample_319_png_jpg.rf.37906fd3f219b8f387102150d2f7caff.jpg,250,250,merge,147,140,163,163
sample_331_png_jpg.rf.379071f6864477030df6ef7b8badfa1f.jpg,250,250,merge,154,155,163,167
sample_542_png_jpg.rf.35ab980941baae365149a347a3ac32c1.jpg,250,250,pedestrianCrossing,217,133,231,160
sample_078_png_jpg.rf.3a5fe37e366586c167fc048009711f38.jpg,250,250,stop,191,124,204,142
sample_839_png_jpg.rf.399771d3e8783b3d35a42683e095d737.jpg,250,250,speedLimit25,156,107,162,119
sample_411_png_jpg.rf.337dcabd5c7f4aff30e01c622b0d30ea.jpg,250,250,signalAhead,158,145,169,158
sample_001_png_jpg.rf.37c9c8f2431e3bfd3d6ae3cf87dda9b8.jpg,250,250,stop,67,21,75,33
sample_665_png_jpg.rf.3ae77e890d1b9c0c7c15f565a5e31c75.jpg,250,250,keepRight,64,167,74,185
sample_460_png_jpg.rf.355ada8b9bb04983b0fba33b0618851d.jpg,250,250,signalAhead,183,93,200,116
sample_268_png_jpg.rf.3ad15b36e5130059a4902508e47974b0.jpg,250,250,yieldAhead,178,131,197,158
sample_354_png_jpg.rf.3b542d79bae4754714bea3156f5853eb.jpg,250,250,merge,149,139,165,160
sample_500_png_jpg.rf.3b571ec1423cf8f7d32a0d4623291151.jpg,250,250,signalAhead,135,175,141,183
sample_730_png_jpg.rf.3abefd9c3db763e1553075dd3cee1563.jpg,250,250,speedLimit35,209,99,220,118
sample_833_png_jpg.rf.39142207cd72f64d4d20ba2319c3ec8d.jpg,250,250,speedLimit25,207,93,219,114
sample_816_png_jpg.rf.3a6ece5a61871892c4fc95cec24faa59.jpg,250,250,speedLimit35,184,112,192,125
sample_561_png_jpg.rf.3c4a1148366a3750040aaf8378cfbf72.jpg,250,250,pedestrianCrossing,126,113,138,129
sample_422_png_jpg.rf.38b95b106555b503d5922d63163421f7.jpg,250,250,signalAhead,138,126,158,154
sample_114_png_jpg.rf.3d0e1eb01b3d0133667eaebf140c8155.jpg,250,250,stop,192,69,207,91
sample_548_png_jpg.rf.3bf2f9c1d8889d5cb4a31aaf71c46244.jpg,250,250,pedestrianCrossing,191,88,201,107
sample_330_png_jpg.rf.3dbbc41cf58b7a623eb8d1cf337343f7.jpg,250,250,merge,186,108,216,147
sample_649_png_jpg.rf.3eabebc659601957fec037f6f3ddc6ac.jpg,250,250,keepRight,50,134,59,150
sample_632_png_jpg.rf.3da122a98e9e1dc1ae918ebf9e46c9a1.jpg,250,250,keepRight,81,24,89,36
sample_803_png_jpg.rf.3bce155a3fccf65c7dbc46acd2c68da6.jpg,250,250,speedLimit35,187,141,197,159
sample_560_png_jpg.rf.39b596e88779f78078e7b48cf0974202.jpg,250,250,pedestrianCrossing,194,123,210,146
sample_068_png_jpg.rf.3a8fc4f4a05bfa13efe2115268605152.jpg,250,250,stop,137,163,141,171
sample_388_png_jpg.rf.3d8432f1cad58fea2dd3c5bdafdcc72c.jpg,250,250,merge,136,151,146,165
sample_416_png_jpg.rf.4029b11a379cec0ca3e2deedbe52c555.jpg,250,250,signalAhead,145,152,155,164
sample_486_png_jpg.rf.3cd8242a7b3c566167c7d00d000fbb50.jpg,250,250,signalAhead,159,130,174,151
sample_380_png_jpg.rf.3e8d0e679fe643825853cfbddea6d41a.jpg,250,250,merge,171,147,183,164
sample_704_png_jpg.rf.42e52c792442bae5f8e4fc16137d7e37.jpg,250,250,keepRight,81,24,89,36
sample_511_png_jpg.rf.3da22979b30387248e3789f1fd09d07d.jpg,250,250,pedestrianCrossing,115,113,126,128
sample_140_png_jpg.rf.40c8c69ba1264a5bbc4823fd5d19be92.jpg,250,250,stop,51,29,63,47
sample_181_png_jpg.rf.412305621bbb8b848bc004e6e1ae2e7e.jpg,250,250,stop,79,152,90,167
sample_347_png_jpg.rf.43d14b1e620d87cad1c1e04c36769aae.jpg,250,250,merge,140,148,152,165
sample_724_png_jpg.rf.42b59b66b13913fbcafabb51e7c4bcdf.jpg,250,250,speedLimit35,13,111,19,123
sample_215_png_jpg.rf.4422fcf47ccda4dd094d80cca0582d88.jpg,250,250,yield,118,141,127,154
sample_752_png_jpg.rf.413d057b7408b7bf2f738101e90ab8fd.jpg,250,250,speedLimit35,185,33,201,63
sample_466_png_jpg.rf.45e7611199af791f7ef199baebce6925.jpg,250,250,signalAhead,82,108,92,121
sample_038_png_jpg.rf.45b85e49097dfec16c8f6cd3c12d5ae9.jpg,250,250,stop,14,111,21,122
sample_772_png_jpg.rf.40c317a169d1c417f84ba406c77aa04a.jpg,250,250,speedLimit35,51,119,58,130
sample_775_png_jpg.rf.43b113da5fa272e6237e40417b1a7e37.jpg,250,250,speedLimit35,66,108,74,121
sample_039_png_jpg.rf.4072c73014ed9fa6e4b85e0a8b564f46.jpg,250,250,stop,167,138,184,161
sample_475_png_jpg.rf.4321bd36b8c6a8a7fb59fa0a2f42e241.jpg,250,250,signalAhead,215,11,230,32
sample_613_png_jpg.rf.41ab7e73208b2232cee84b203fd9faeb.jpg,250,250,keepRight,66,159,76,175
sample_834_png_jpg.rf.410d2ff6d9f4295e296b9f210a06b845.jpg,250,250,speedLimit25,225,128,235,144
sample_047_png_jpg.rf.458924aaa78d819312b49a1f72c17516.jpg,250,250,stop,199,66,232,110
sample_202_png_jpg.rf.4049aaeb2c75bc447d1fb8caaf711029.jpg,250,250,stop,156,126,170,146
sample_891_png_jpg.rf.a9fe7ecbebd470172a8cef2e448af72e.jpg,250,250,speedLimit25,176,26,183,39
sample_695_png_jpg.rf.a9d2b7582f1ac0c9bdb80493ebd988f1.jpg,250,250,keepRight,96,173,103,183
sample_066_png_jpg.rf.aaf1860f9378212847855d7c5e5ff246.jpg,250,250,stop,50,23,59,35
sample_235_png_jpg.rf.ad70dccde43a364085b47551806c98d2.jpg,250,250,yield,124,142,134,154
sample_329_png_jpg.rf.ac29b65359b5bb6757c6ca100cd30e86.jpg,250,250,merge,159,130,179,157
sample_115_png_jpg.rf.adbba3d673909f21b5388bbf8fa899cb.jpg,250,250,stop,203,61,221,85
sample_343_png_jpg.rf.b300ba8a0204663b6559e663a6ee70ec.jpg,250,250,merge,143,127,158,153
sample_144_png_jpg.rf.a91788e867a83608dfe27387b96adcff.jpg,250,250,stop,139,166,143,171
sample_478_png_jpg.rf.aa5b1c681185ab58ba6a8008c48c4d78.jpg,250,250,signalAhead,39,138,54,159
sample_007_png_jpg.rf.afa170ced5ce986abd7387b047d2da9a.jpg,250,250,stop,11,14,19,26
sample_382_png_jpg.rf.b0f9ba5d79f33b11b7a397ae221b8914.jpg,250,250,merge,182,114,194,130
sample_487_png_jpg.rf.ac62c3018189a0f5bb5571095a7534d4.jpg,250,250,signalAhead,157,123,163,132
sample_290_png_jpg.rf.a9dc5adb037ebacd15513b0f1e637b3b.jpg,250,250,yieldAhead,178,136,196,158
sample_407_png_jpg.rf.ad0f815d6c84936ea8253343a32a42f5.jpg,250,250,signalAhead,223,143,239,165
sample_865_png_jpg.rf.ad3f2257d30d1539ccdbfd5c2316c9be.jpg,250,250,speedLimit25,183,26,191,41
sample_383_png_jpg.rf.b4af356d3bfbac747f63c539e6a79608.jpg,250,250,merge,79,117,102,156
sample_079_png_jpg.rf.b07e19ffb04f15819fb939f5d26c8dad.jpg,250,250,stop,210,106,229,131
sample_884_png_jpg.rf.ab2b0ce7064f0a6ad9e874970b4104ba.jpg,250,250,speedLimit25,176,85,186,101
sample_026_png_jpg.rf.af692577a2fdd05244eec1e174808087.jpg,250,250,stop,138,150,146,161
sample_356_png_jpg.rf.b197d593e39bbf9b93af805eaa2f3084.jpg,250,250,merge,182,136,195,155
sample_673_png_jpg.rf.aaa043f880554cb0cc24b6e8f797c1ce.jpg,250,250,keepRight,81,24,89,36
sample_435_png_jpg.rf.ab4692798c1ec6bfd974019573738b8e.jpg,250,250,signalAhead,89,104,100,120
sample_271_png_jpg.rf.b635c9b60291b24e84555be48a4de42b.jpg,250,250,yieldAhead,206,103,236,144
sample_379_png_jpg.rf.b7e17c62917fde0b4ed0485ec57c0bd2.jpg,250,250,merge,169,151,180,166
sample_132_png_jpg.rf.b4e166a0ec3648384ee831d744545fed.jpg,250,250,stop,17,20,27,35
sample_294_png_jpg.rf.b23be5e97e403258d98cebcde7627374.jpg,250,250,yieldAhead,171,144,186,163
sample_082_png_jpg.rf.afb0d052a704128d3f609538e1e6cb7a.jpg,250,250,stop,84,105,93,118
sample_757_png_jpg.rf.abfb7593d502275bd11ee2a0e487bc28.jpg,250,250,speedLimit35,162,137,168,148
sample_887_png_jpg.rf.b5a5a25286ba1383b18cc9bbcd847610.jpg,250,250,speedLimit25,218,54,225,66
sample_785_png_jpg.rf.b7ba84fdfb03ff5a3c94c88ac990818c.jpg,250,250,speedLimit35,215,97,227,116
sample_334_png_jpg.rf.b965781a1444c24557455d73a765ce50.jpg,250,250,merge,193,132,205,152
sample_621_png_jpg.rf.b754fc7cb9efbedda4a5886eb1f3f925.jpg,250,250,keepRight,96,173,103,183
sample_254_png_jpg.rf.b3d08df066dec1b387fbf4c0cb3d353f.jpg,250,250,yield,176,144,182,152
sample_611_png_jpg.rf.b939151bd214ecdb09ecc529ea84c66d.jpg,250,250,keepRight,26,173,33,185
sample_312_png_jpg.rf.b8f9e2850a02252d58b9d05a6d8151c7.jpg,250,250,merge,186,150,196,165
sample_596_png_jpg.rf.bd505ac812605b0a394c546dc1198857.jpg,250,250,pedestrianCrossing,162,144,171,158
sample_351_png_jpg.rf.b854f01234837ef41658bdc8ff390f86.jpg,250,250,merge,194,132,213,159
sample_531_png_jpg.rf.b9d8ba3a1fe3f44114ed4878efdc5c80.jpg,250,250,pedestrianCrossing,233,83,245,113
sample_607_png_jpg.rf.bc9f7f7d8a5661f3f1fbc9344e3444eb.jpg,250,250,keepRight,64,167,74,185
sample_537_png_jpg.rf.b98e0077adb2b468d76c3810dd50c36c.jpg,250,250,pedestrianCrossing,220,133,231,156
sample_654_png_jpg.rf.bcfebbdfbb9a9f041af5fd9928a872e6.jpg,250,250,keepRight,59,121,68,136
sample_009_png_jpg.rf.c12780d49be1539d92a1b3f97b9c8b41.jpg,250,250,stop,174,9,188,28
sample_245_png_jpg.rf.bf69e0445070cb9d3138bf127e87e73b.jpg,250,250,yield,203,104,215,118
sample_794_png_jpg.rf.c23c6f84ab38c290aa22a3ebcee9fa49.jpg,250,250,speedLimit35,151,95,159,109
sample_532_png_jpg.rf.bc594263b99763b2e3f9583073924f2f.jpg,250,250,pedestrianCrossing,190,4,204,24
sample_238_png_jpg.rf.bd2c743fd559dcbf2cabce90844f0a74.jpg,250,250,yield,87,130,101,149
sample_576_png_jpg.rf.bfa3451bb812ece4d84935c916b49117.jpg,250,250,pedestrianCrossing,177,112,188,128
sample_582_png_jpg.rf.bf64af568dc8e7080dea109b31af00a8.jpg,250,250,pedestrianCrossing,202,119,220,143
sample_789_png_jpg.rf.c00d15b1e7a9662794e9e3f99394557e.jpg,250,250,speedLimit35,190,114,197,126
sample_590_png_jpg.rf.bdfdaec5bcb6cd4fcc7e1ff18313e42f.jpg,250,250,pedestrianCrossing,199,136,209,155
sample_890_png_jpg.rf.bfafdb8223096f122a7a3a2fe83f11d7.jpg,250,250,speedLimit25,169,142,178,157
sample_174_png_jpg.rf.b716ce4ef05aaa3f7733fc445caa333e.jpg,250,250,stop,54,160,61,169
sample_569_png_jpg.rf.c0a8a1828a2af6ffe2e7ff8ada3c2dc3.jpg,250,250,pedestrianCrossing,165,109,172,124
sample_148_png_jpg.rf.b94fc64b1f0128648f80dcd30b12af6d.jpg,250,250,stop,142,138,151,153
sample_195_png_jpg.rf.ba987fc99045a933d6788ca885b3f365.jpg,250,250,stop,183,118,188,128
sample_829_png_jpg.rf.c23d5573e8128d7f1459c1c6a3113ee6.jpg,250,250,speedLimit25,201,117,206,125
sample_840_png_jpg.rf.c4ea2d42b81eb335df6e6eaa48fdb505.jpg,250,250,speedLimit25,159,145,168,158
sample_412_png_jpg.rf.c4a9f8654256c49e11e6a07634be69b1.jpg,250,250,signalAhead,23,159,36,177
sample_204_png_jpg.rf.c43ed3d67f94c1b90e980d9d2f6fefb6.jpg,250,250,stop,233,37,241,48
sample_284_png_jpg.rf.c7319d62aea27f478685d7cb3440f486.jpg,250,250,yieldAhead,168,135,182,156
sample_300_png_jpg.rf.c42603548dc6f1fc4d8b5d5845aa14fc.jpg,250,250,yieldAhead,193,131,213,157
sample_523_png_jpg.rf.c161eb1f62c297e319ed2ed99969efc8.jpg,250,250,pedestrianCrossing,170,138,181,153
sample_390_png_jpg.rf.c5a17b15e0ef69a8a61abe62181b7e3c.jpg,250,250,merge,218,94,240,122
sample_818_png_jpg.rf.c5657f8f9623345f64ac6fcfd42a0316.jpg,250,250,speedLimit35,222,139,231,155
sample_543_png_jpg.rf.badd2bd887dde9e60ec5e8f9ad404e97.jpg,250,250,pedestrianCrossing,228,133,240,163
sample_471_png_jpg.rf.cd1851fdd29c07228e867c66d4f0807a.jpg,250,250,signalAhead,155,140,169,159
sample_836_png_jpg.rf.ca5ce44b3e0466b70952726ba66ef695.jpg,250,250,speedLimit25,155,138,164,153
sample_503_png_jpg.rf.ca75efa2c4036d9106e97ab848ed60bd.jpg,250,250,pedestrianCrossing,164,94,181,115
sample_274_png_jpg.rf.c98c72b535eec8070202643ed6688ca1.jpg,250,250,yieldAhead,170,147,183,165
sample_362_png_jpg.rf.d080637877bc802ba39bc59e1bf223c8.jpg,250,250,merge,220,141,239,168
sample_046_png_jpg.rf.cba0cc98af8ae7ab2ca49aee33beec02.jpg,250,250,stop,19,21,33,41
sample_199_png_jpg.rf.ccb7cd0e849df21ecc9d1024e3fce116.jpg,250,250,stop,197,13,207,27
sample_111_png_jpg.rf.c5fafa1363e9fbff11c3c4367ba515ce.jpg,250,250,stop,203,3,224,30
sample_838_png_jpg.rf.cffc2792ae24ba3299a579a393301d57.jpg,250,250,speedLimit25,208,114,218,131
sample_446_png_jpg.rf.d04001060140eb4cdc15bfe18257a29c.jpg,250,250,signalAhead,45,164,56,179
sample_814_png_jpg.rf.c8b845bac2b315decad5c89b2316707f.jpg,250,250,speedLimit35,185,118,191,128
sample_792_png_jpg.rf.cf1c4d80950ba17572c5af464d75275c.jpg,250,250,speedLimit35,184,115,192,128
sample_113_png_jpg.rf.d01c7be0b191908595ca27e857165468.jpg,250,250,stop,218,26,247,64
sample_297_png_jpg.rf.d437f86c4375562f3d833ef75ce7947f.jpg,250,250,yieldAhead,198,124,221,154
sample_755_png_jpg.rf.d3d3f677f5ce0d2b616c8e11cd67f82c.jpg,250,250,speedLimit35,193,141,203,159
sample_707_png_jpg.rf.d3d7ffbc38f8ac7a62a064c8eb29a831.jpg,250,250,keepRight,40,120,50,138
sample_756_png_jpg.rf.d251ea5d968c91cae77877089a196676.jpg,250,250,speedLimit35,50,117,56,129
sample_302_png_jpg.rf.ce7434a47104cbe106a8158221021992.jpg,250,250,merge,205,135,216,151
sample_071_png_jpg.rf.cfcb2e24645a4a19b665d14681b3b86e.jpg,250,250,stop,210,39,234,72
sample_318_png_jpg.rf.d410675b797e3ea1e32d9c0263b2064c.jpg,250,250,merge,183,134,201,158
sample_149_png_jpg.rf.d288c6e4663d7d25bcd554a97777add4.jpg,250,250,stop,235,39,242,50
sample_753_png_jpg.rf.d7ccd3c99e0e67a3050194374823ca5f.jpg,250,250,speedLimit35,180,123,193,144
sample_264_png_jpg.rf.cd1ce2670c7a702fb8218cf60f5492be.jpg,250,250,yieldAhead,199,120,223,152
sample_780_png_jpg.rf.d5a92fb8f5262f13267a6016e4d68558.jpg,250,250,speedLimit35,173,114,179,125
sample_739_png_jpg.rf.d086d05c8171f8bdd41456db86986a79.jpg,250,250,speedLimit35,149,96,157,109
sample_660_png_jpg.rf.d6f8b6c21f09003b0b0b9e6a82ca039e.jpg,250,250,keepRight,33,133,46,154
sample_440_png_jpg.rf.d86ce168a11522122f2cb021ef8e60b1.jpg,250,250,signalAhead,161,161,169,172
sample_639_png_jpg.rf.d6aa2c80c95a7b8901c7edb919b99b18.jpg,250,250,keepRight,81,24,89,36
sample_559_png_jpg.rf.d820008bf9935d065c500fb4aede1977.jpg,250,250,pedestrianCrossing,229,132,243,159
sample_683_png_jpg.rf.d108ef3a36fbb54f867e00ec25049ddc.jpg,250,250,keepRight,29,175,35,186
sample_277_png_jpg.rf.d8edd7fd087830c20c3ddf054515fcb8.jpg,250,250,yieldAhead,196,89,220,121
sample_796_png_jpg.rf.dbe16aea446195bd171fd14e478f73b7.jpg,250,250,speedLimit35,200,105,210,121
sample_630_png_jpg.rf.d8eb943184f6b1e3bea7930656f361b5.jpg,250,250,keepRight,64,167,74,185
sample_077_png_jpg.rf.d9f73e55701d997f4c47094ddc58308e.jpg,250,250,stop,216,87,231,107
sample_518_png_jpg.rf.d9ef7a940b9456796e817d6923f805e4.jpg,250,250,pedestrianCrossing,165,140,176,155
sample_018_png_jpg.rf.d97fdafd95a1af6d3e346b78cfb727ef.jpg,250,250,stop,67,115,73,122
sample_042_png_jpg.rf.dab38435301c9980907c2165b150fb0e.jpg,250,250,stop,135,141,139,148
sample_587_png_jpg.rf.d44ec33cdffa18e8db66c76ef5a9a590.jpg,250,250,pedestrianCrossing,207,89,219,111
sample_726_png_jpg.rf.dcee7bc9a64cade65a4a4e65237200d8.jpg,250,250,speedLimit35,114,138,125,156
sample_417_png_jpg.rf.db15b5e4fdc9cf837b431baae90a5711.jpg,250,250,signalAhead,182,80,207,112
sample_551_png_jpg.rf.de2450a4481ca37dfdc79380d32e7d6e.jpg,250,250,pedestrianCrossing,215,71,238,107
sample_488_png_jpg.rf.d73142b19f8358e5e3de6c1cb4f591ab.jpg,250,250,signalAhead,158,122,165,131
sample_246_png_jpg.rf.dab16ae4b8d84cb535de75051102a8b1.jpg,250,250,yield,141,137,152,152
sample_856_png_jpg.rf.dd44f684d7900ede4c3c42bdd90a7674.jpg,250,250,speedLimit25,161,136,171,152
sample_177_png_jpg.rf.daf536574260f47e8aaff54eb3565c01.jpg,250,250,stop,208,92,221,111
sample_552_png_jpg.rf.df8b5ba799677740da5a9fc3d8e399f1.jpg,250,250,pedestrianCrossing,168,84,183,104
sample_288_png_jpg.rf.dcacb7135bbec1b1e9a31c837aff8578.jpg,250,250,yieldAhead,176,133,192,155
sample_289_png_jpg.rf.de9c926c719a60f5b4bead921de7ff3e.jpg,250,250,yieldAhead,207,111,235,150
sample_054_png_jpg.rf.e0bcd3876459fd76270de33542e9f67d.jpg,250,250,stop,184,27,193,39
sample_441_png_jpg.rf.e0dc2d00ced706c36800b24650a65126.jpg,250,250,signalAhead,160,120,168,131
sample_605_png_jpg.rf.da0679d76d0ef63aacc0ff0e21f2d18f.jpg,250,250,keepRight,14,137,30,165
sample_285_png_jpg.rf.db2ff5d54b47fed25fc580bc80403e69.jpg,250,250,yieldAhead,170,140,186,162
sample_459_png_jpg.rf.e098d0872e5dc69adce4ba1713c07d3d.jpg,250,250,signalAhead,173,103,188,124
sample_143_png_jpg.rf.e26fe6e14f41f5d89221a77a6cba3255.jpg,250,250,stop,109,124,113,130
sample_333_png_jpg.rf.e402c690a21acd8c22df35a42cf64b37.jpg,250,250,merge,60,7,83,38
sample_258_png_jpg.rf.df1b2caeefcc832c1969011a8f1cfcf0.jpg,250,250,yieldAhead,186,135,205,159
sample_222_png_jpg.rf.e09f8b3d1b295db8e042481c462f25b4.jpg,250,250,yield,83,135,95,149
sample_598_png_jpg.rf.e341cb9b6fcc77fdb05885bbd3995a99.jpg,250,250,pedestrianCrossing,160,143,170,157
sample_501_png_jpg.rf.e1c8550b11d8bfee8c7ae9319adad5ca.jpg,250,250,pedestrianCrossing,184,96,193,111
sample_307_png_jpg.rf.e4466d013e0b5fd102a22bfc58460595.jpg,250,250,merge,221,134,236,156
sample_625_png_jpg.rf.e85345e1cde0420daa9cf3eb76e686b7.jpg,250,250,keepRight,113,125,122,140
sample_533_png_jpg.rf.e378ead76fb8c712bbb73d1d4a666ad5.jpg,250,250,pedestrianCrossing,222,16,238,36
sample_429_png_jpg.rf.e76d3d0200595a79bf1e060ca46f8e8d.jpg,250,250,signalAhead,114,161,122,172
sample_635_png_jpg.rf.e4e60da1b58b0bcc19431e2be92d0e07.jpg,250,250,keepRight,81,24,89,36
sample_592_png_jpg.rf.e2145e4aa584c899489028ba0ab1f9d9.jpg,250,250,pedestrianCrossing,154,121,160,131
sample_588_png_jpg.rf.e8c7d27c005682c2ca270331201bba8e.jpg,250,250,pedestrianCrossing,157,112,166,123
sample_154_png_jpg.rf.e26659b12061042987b7b939b2df3a0b.jpg,250,250,stop,154,145,162,157
sample_710_png_jpg.rf.e512115e48cb1fd15028d03d1bb7deeb.jpg,250,250,keepRight,96,173,103,183
sample_155_png_jpg.rf.ec663b3287138de99a763b14960b1c61.jpg,250,250,stop,156,101,162,112
sample_786_png_jpg.rf.ea4a8144ed1cfcc7e1a698ebbd108800.jpg,250,250,speedLimit35,193,11,202,27
sample_287_png_jpg.rf.eec273dd729a8dec8b68108bf8b07d8a.jpg,250,250,yieldAhead,216,104,247,148
sample_795_png_jpg.rf.ece4bad4e6b70a7c5377bc208988bfb9.jpg,250,250,speedLimit35,173,113,180,124
sample_156_png_jpg.rf.ea534bbe7d4dc3045d3d7dfb68a1fd47.jpg,250,250,stop,209,159,217,170
sample_815_png_jpg.rf.eec742c7395620f1492910c44ed2bd5a.jpg,250,250,speedLimit35,191,96,202,113
sample_661_png_jpg.rf.e8f7994c727aeda9590000dd3636fc59.jpg,250,250,keepRight,22,136,36,160
sample_664_png_jpg.rf.ebc2886ed531c466d289f964bb1bd3c2.jpg,250,250,keepRight,21,173,29,186
sample_698_png_jpg.rf.f04d0d57c8aadb0ed3fe68dca272cccc.jpg,250,250,keepRight,96,173,103,183
sample_365_png_jpg.rf.ef9780d1ef03dce5308a51d89f165af3.jpg,250,250,merge,143,145,157,164
sample_745_png_jpg.rf.eec34e284cd9d0085d09ab93bd07a12c.jpg,250,250,speedLimit35,206,112,212,122
sample_473_png_jpg.rf.f43bb475e425216ba8240dd7e9c691c8.jpg,250,250,signalAhead,38,86,59,115
sample_041_png_jpg.rf.f1dd53ed3c3fe7af33ff0c7677682999.jpg,250,250,stop,190,62,215,94
sample_020_png_jpg.rf.f268a1a919c3e0adfc0c52cebf55e706.jpg,250,250,stop,33,18,40,28
sample_220_png_jpg.rf.ed8d434413b835a6f2bc6b99618860c5.jpg,250,250,yield,73,135,85,151
sample_016_png_jpg.rf.f423de0c86031e6ce8064669b59a6879.jpg,250,250,stop,155,151,162,161
sample_832_png_jpg.rf.f2a72c1606ee2fa7dc610df744f5b539.jpg,250,250,speedLimit25,206,59,212,70
sample_452_png_jpg.rf.f430dc9db3147f79c65fe8eeb7df6afb.jpg,250,250,signalAhead,128,135,148,162
sample_006_png_jpg.rf.f277cd02bb050c469c9d620da826565d.jpg,250,250,stop,169,72,183,91
sample_620_png_jpg.rf.f77f37398359f7e8798ed6abc68729cc.jpg,250,250,keepRight,25,135,40,160
sample_218_png_jpg.rf.f45213e59b0d15c3023d7b0b9dda9ab8.jpg,250,250,yield,165,139,172,148
sample_348_png_jpg.rf.f5e542b3b0a4ad0492f3fb897c909fdf.jpg,250,250,merge,202,133,214,150
sample_069_png_jpg.rf.f828d802539181fb8473870d0beba8d2.jpg,250,250,stop,63,155,71,166
sample_296_png_jpg.rf.f79572fa82ef825daf67a42fa33ade5b.jpg,250,250,yieldAhead,212,75,241,114
sample_281_png_jpg.rf.f1d9521a89a9a4a4e01a874dfeb8fd71.jpg,250,250,yieldAhead,205,115,231,150
sample_643_png_jpg.rf.f254c49f50641c1e4d1780bc2c5c8426.jpg,250,250,keepRight,62,138,70,150
sample_732_png_jpg.rf.f35b5739f9c78a200c1d86589130d5fb.jpg,250,250,speedLimit35,192,65,207,89
sample_721_png_jpg.rf.f5dae79520de67a7b1afff3d11513e4b.jpg,250,250,speedLimit35,16,109,25,124
sample_768_png_jpg.rf.f7a337cd84d6931346064c30e7f90d22.jpg,250,250,speedLimit35,181,72,193,93
sample_716_png_jpg.rf.f8d4e1326150a7241bac47da142fe019.jpg,250,250,speedLimit35,38,117,45,128
sample_817_png_jpg.rf.f869158cc5b2dcd0ee4cdf1c9c22ab71.jpg,250,250,speedLimit35,173,102,182,117
sample_580_png_jpg.rf.f66e39d3bdb582bec5088e3841b28f36.jpg,250,250,pedestrianCrossing,202,98,221,123
sample_496_png_jpg.rf.f9f5811a3f6e4acd97c4733d3a4db63e.jpg,250,250,signalAhead,71,121,80,133
sample_058_png_jpg.rf.fa247be504cc43e09c65df725c33f1db.jpg,250,250,stop,225,107,240,127
sample_472_png_jpg.rf.f5f2232502bb1a79cfb9b1c787f819c1.jpg,250,250,signalAhead,171,121,179,131
sample_579_png_jpg.rf.fefed4c5614090a8002fc79def7e64dd.jpg,250,250,pedestrianCrossing,193,81,214,111
sample_712_png_jpg.rf.f8a32586d386e42d5ac57ea5036a25c4.jpg,250,250,speedLimit35,163,123,168,132
sample_456_png_jpg.rf.f827ea92ce2bad069e6c4ff148b8732f.jpg,250,250,signalAhead,153,127,159,134
sample_807_png_jpg.rf.fb169ef61b115043474c9a12bf73fb23.jpg,250,250,speedLimit35,201,150,209,164
sample_499_png_jpg.rf.fa4ba480de9ec8ced794067a358e52d9.jpg,250,250,signalAhead,144,110,158,128
sample_758_png_jpg.rf.fffc6666723cca52d4d594aa14a9d6dc.jpg,250,250,speedLimit35,122,140,133,159
sample_322_png_jpg.rf.f7c6899403246f19c21b9fd567844b6a.jpg,250,250,merge,203,126,213,143
sample_672_png_jpg.rf.ff62a827feefd851f6b6947dd4699dc7.jpg,250,250,keepRight,114,133,123,148
sample_332_png_jpg.rf.fb0c0ddaf03258e7fc6d4982fc2435d4.jpg,250,250,merge,151,137,168,159
sample_004_png_jpg.rf.fff59d03544e059b7927de215b91663a.jpg,250,250,stop,120,127,123,131
sample_173_png_jpg.rf.fbbe8b6a92f7b257fc0c3cd2c8fed3aa.jpg,250,250,stop,150,116,156,124
sample_522_png_jpg.rf.fcf20a92becf1e097eefdc0ea7a36a0f.jpg,250,250,pedestrianCrossing,176,103,185,119
sample_631_png_jpg.rf.ff213ff8eaae0f61db62e8af7af3aa94.jpg,250,250,keepRight,96,173,103,183
sample_164_png_jpg.rf.fa96c4090687f1da91419de62cb11468.jpg,250,250,stop,202,80,217,101
sample_655_png_jpg.rf.fa2959a75a47c8aec748a774d234c38b.jpg,250,250,keepRight,81,24,89,36
sample_597_png_jpg.rf.fc41237e7fbbab3ccd5bea430aefafd4.jpg,250,250,pedestrianCrossing,172,137,183,153
sample_690_png_jpg.rf.47af9c4e83bcf8eced9845110778b5e6.jpg,250,250,keepRight,64,167,74,185
sample_273_png_jpg.rf.46b854e39391b9b2904fed64da1cb282.jpg,250,250,yieldAhead,189,136,208,161
sample_145_png_jpg.rf.46bd3c7ec89855a09eaa30a4eb17850d.jpg,250,250,stop,88,109,97,121
sample_800_png_jpg.rf.47439cfd0d44c2f80ec076c1fc7842ab.jpg,250,250,speedLimit35,88,119,94,127
sample_547_png_jpg.rf.463b9b67956fb75fa2d40f89b6ecdf28.jpg,250,250,pedestrianCrossing,225,131,247,161
sample_461_png_jpg.rf.48eb5c10d5288cb90b4d336a45f6fdbd.jpg,250,250,signalAhead,81,105,91,120
sample_682_png_jpg.rf.481027e8640742ef02d756e8a386ff29.jpg,250,250,keepRight,81,24,89,36
sample_591_png_jpg.rf.4ba66218216b33b8e98ffc964c523b6c.jpg,250,250,pedestrianCrossing,213,88,224,110
sample_021_png_jpg.rf.46b332523939a3b94dd4e02340f7cb4e.jpg,250,250,stop,201,128,222,156
sample_608_png_jpg.rf.4e2695429237b13bccfeed74aae948a8.jpg,250,250,keepRight,71,24,80,38
sample_684_png_jpg.rf.4e938372519fd4e96f79b7d2f70bf27d.jpg,250,250,keepRight,37,34,48,53
sample_022_png_jpg.rf.47f42b2f4be297eaae76a8c11595ed72.jpg,250,250,stop,195,120,201,128
sample_558_png_jpg.rf.4c15bc1ad0da3853611a6368ebff38a3.jpg,250,250,pedestrianCrossing,171,113,183,130
sample_701_png_jpg.rf.4e05eea1dad2ac7db338faca2070a252.jpg,250,250,keepRight,81,24,89,36
sample_882_png_jpg.rf.4869d4851d6f690374abf0871838cdc1.jpg,250,250,speedLimit25,154,103,162,115
sample_641_png_jpg.rf.46329e5638682ee76f699a7577804963.jpg,250,250,keepRight,96,173,103,183
sample_262_png_jpg.rf.4c9c919e2ff71c3f8fd2c569cf035b5c.jpg,250,250,yieldAhead,173,142,188,162
sample_168_png_jpg.rf.4e692236fca117c987bbbdd73ada961c.jpg,250,250,stop,166,1,177,17
sample_773_png_jpg.rf.49120892e06c2bf7e991f419555b6f14.jpg,250,250,speedLimit35,164,123,170,131
sample_691_png_jpg.rf.4b72353c21bc2a08f1e1415a8d0cd137.jpg,250,250,keepRight,81,24,89,36
sample_454_png_jpg.rf.4c29bd4db52d1b03074eb736b6a46165.jpg,250,250,signalAhead,196,151,208,167
sample_498_png_jpg.rf.47ecaaebd7a141b2b40664dfcf77bcd7.jpg,250,250,signalAhead,152,109,167,128
sample_011_png_jpg.rf.4e76884fd8b6f05a3033a6a0309b837e.jpg,250,250,stop,214,119,233,145
sample_562_png_jpg.rf.4f69cf812b986efd79dc5a102a1627e4.jpg,250,250,pedestrianCrossing,215,137,226,160
sample_430_png_jpg.rf.5375029beb325f444d2e2e8918d9dc3e.jpg,250,250,signalAhead,164,159,173,171
sample_051_png_jpg.rf.5114dcf4a58e1fcef382f4a429f35479.jpg,250,250,stop,47,155,56,167
sample_052_png_jpg.rf.51e70b673da31069a862c73fdce37710.jpg,250,250,stop,152,149,160,159
sample_484_png_jpg.rf.47353867d6b032e5774b4717d14581c2.jpg,250,250,signalAhead,168,133,189,161
sample_213_png_jpg.rf.4642fd14f03f3b903975a29fbe6e284f.jpg,250,250,yield,14,127,32,148
sample_138_png_jpg.rf.52492306c98184bdd8efefa1fe9a16dc.jpg,250,250,stop,221,108,236,129
sample_788_png_jpg.rf.55e74055dcb3c8858f83a66a913f799e.jpg,250,250,speedLimit35,158,133,166,146
sample_769_png_jpg.rf.586e793c351ac4eb70aaa434558e8210.jpg,250,250,speedLimit35,48,119,54,130
sample_328_png_jpg.rf.512e91e36f7b6342bedc32fdb24ed9c7.jpg,250,250,merge,141,147,154,165
sample_244_png_jpg.rf.53a80fd5afe9e0ba1348ec43bf1bd8ba.jpg,250,250,yield,235,22,247,37
sample_644_png_jpg.rf.558b9898e6a3c5d3008aa2c81295d900.jpg,250,250,keepRight,96,173,103,183
sample_088_png_jpg.rf.56a31ae8233bcebdda0d963448e8a0fe.jpg,250,250,stop,121,122,137,142
sample_291_png_jpg.rf.53e422d62ee66497ac4b1c9fea17e220.jpg,250,250,yieldAhead,185,137,203,161
sample_573_png_jpg.rf.4f5667f63f9925adee38a386e2538662.jpg,250,250,pedestrianCrossing,202,76,225,108
sample_895_png_jpg.rf.57e7d0e71b7710d26546c45aff4d364d.jpg,250,250,speedLimit25,202,15,211,31
sample_279_png_jpg.rf.583e1fd64e0baf519e5019a4a3795218.jpg,250,250,yieldAhead,167,136,181,156
sample_686_png_jpg.rf.57b330faef40ed4cfe3a13db567a44ce.jpg,250,250,keepRight,113,125,122,140
sample_549_png_jpg.rf.50e4b384ffe3fee8cdae5bee03607bd1.jpg,250,250,pedestrianCrossing,163,112,184,143
sample_467_png_jpg.rf.596302366cbb8e648949e026a31ed114.jpg,250,250,signalAhead,205,105,237,149
sample_128_png_jpg.rf.594b88db94779e02cbbd9990326bc325.jpg,250,250,stop,51,150,60,163
sample_124_png_jpg.rf.5972f21612e508bd2836f2f2c775bea5.jpg,250,250,stop,15,110,23,120
sample_563_png_jpg.rf.58f6feabf30221fae5a3c98c5c9ac7f5.jpg,250,250,pedestrianCrossing,161,0,179,22
sample_425_png_jpg.rf.505c6347b41f7dbd4033643237fa4c40.jpg,250,250,signalAhead,156,139,172,160
sample_377_png_jpg.rf.5e18c92c9aa53838fd3c222ba6f9a7c6.jpg,250,250,merge,186,128,199,149
sample_063_png_jpg.rf.57446423f3ae073b0f031015810da971.jpg,250,250,stop,152,139,167,160
sample_105_png_jpg.rf.5e7c51b43f053362623474a26cb300ca.jpg,250,250,stop,234,106,250,125
sample_073_png_jpg.rf.5b9d6c018a4ef6bcd85d637a049ec8b5.jpg,250,250,stop,149,126,154,132
sample_270_png_jpg.rf.5e7471a369c02fc2387a0d5b1f5f2bbe.jpg,250,250,yieldAhead,165,146,177,165
sample_787_png_jpg.rf.5b5bf8d07abbe732962f88cb264f9e07.jpg,250,250,speedLimit35,222,109,243,141
sample_764_png_jpg.rf.605295a9c07dea912e87b505caada4b8.jpg,250,250,speedLimit35,184,156,191,168
sample_091_png_jpg.rf.5c85ddebd04579eeb8c696c5dca2c83a.jpg,250,250,stop,55,111,63,122
sample_527_png_jpg.rf.5fba4015a3a6e8ff4742aead2a529b63.jpg,250,250,pedestrianCrossing,200,141,218,166
sample_595_png_jpg.rf.5edc2762b6f61b7a0562f3f7e01d9b86.jpg,250,250,pedestrianCrossing,152,17,165,33
sample_805_png_jpg.rf.60f43f436d55d1c93eea31ed1d87055a.jpg,250,250,speedLimit35,128,140,139,159
sample_718_png_jpg.rf.61cb91b1214a2f43e522d2a3db779ce3.jpg,250,250,speedLimit35,231,111,247,139
sample_228_png_jpg.rf.5fea7ba4d594ecd84dac8855a73d64d1.jpg,250,250,yield,111,140,120,153
sample_729_png_jpg.rf.6242d86ca2e331067d3cc6e283ba9bb0.jpg,250,250,speedLimit35,114,138,124,156
sample_337_png_jpg.rf.62c2543dc1be3fe89d4c2e2bf5e5fea7.jpg,250,250,merge,163,127,184,155
sample_879_png_jpg.rf.6176455380e692e43337c9c41b0e9213.jpg,250,250,speedLimit25,167,112,173,123
sample_040_png_jpg.rf.614009c807ae67a1340634e6ebeafde9.jpg,250,250,stop,126,154,135,165
sample_260_png_jpg.rf.6476aec5efff7a259edb174a305a5833.jpg,250,250,yieldAhead,162,155,174,171
sample_535_png_jpg.rf.635cb2ca8549b30f7c174f4444783a06.jpg,250,250,pedestrianCrossing,202,108,217,127
sample_601_png_jpg.rf.6470113830a95bbd149aa598b2c28ec8.jpg,250,250,keepRight,48,123,57,139
sample_878_png_jpg.rf.63252016c5c3691fecd54a4ed4fafae6.jpg,250,250,speedLimit25,159,109,165,121
sample_677_png_jpg.rf.60d07a10d83984c567f3eb62aea1266c.jpg,250,250,keepRight,81,24,89,36
sample_072_png_jpg.rf.62675bfed35094bd6bdf8d75e527b970.jpg,250,250,stop,175,136,188,155
sample_557_png_jpg.rf.61da8b4a7755fc7559f11a0ce90475ed.jpg,250,250,pedestrianCrossing,180,97,190,112
sample_859_png_jpg.rf.67099342f2e0b5dda27c4527f5abe60d.jpg,250,250,speedLimit25,194,120,199,128
sample_844_png_jpg.rf.5fb5de4a72e3654f6727e717d57dd875.jpg,250,250,speedLimit25,210,115,217,125
sample_671_png_jpg.rf.6659d5be0f3e1c48851c3874e7d4a098.jpg,250,250,keepRight,23,135,36,154
sample_464_png_jpg.rf.662651dddc4afeae8adad31559bbfe5d.jpg,250,250,signalAhead,185,153,197,168
sample_656_png_jpg.rf.67e20df90b249d58f632e7f9f17edd4e.jpg,250,250,keepRight,113,125,122,140
sample_057_png_jpg.rf.6582c82ed43b123f387f90bb0579d1d4.jpg,250,250,stop,169,143,178,156
sample_092_png_jpg.rf.62cf97ed65f3eb938a81813ff06328b8.jpg,250,250,stop,4,131,17,148
sample_525_png_jpg.rf.686e0c29f718dcbfbaaee44f4014ae57.jpg,250,250,pedestrianCrossing,171,88,185,107
sample_373_png_jpg.rf.633d495dc3c56a825269193654460bea.jpg,250,250,merge,208,131,218,147
sample_013_png_jpg.rf.67f30caa29ddd7b43b30a5bc2ae1b217.jpg,250,250,stop,174,21,180,30
sample_719_png_jpg.rf.66e887c98303bf6a621e2193bdb54138.jpg,250,250,speedLimit35,224,106,232,119
sample_050_png_jpg.rf.67896ea635a459ec58c617fb3874064c.jpg,250,250,stop,133,120,139,128
sample_304_png_jpg.rf.6c469fe6aa905063a2a02aee31a063df.jpg,250,250,merge,194,128,214,156
sample_854_png_jpg.rf.68b43451853821216d618eb60babfb60.jpg,250,250,speedLimit25,154,94,163,108
sample_670_png_jpg.rf.660d133658e57c8cf42a3477c8e95d04.jpg,250,250,keepRight,81,24,89,36
sample_502_png_jpg.rf.6b380866559fd50e43a39f47176beb17.jpg,250,250,pedestrianCrossing,159,116,167,127
sample_634_png_jpg.rf.683179f3422bb8d1a466dacbe02da736.jpg,250,250,keepRight,96,173,103,183
sample_060_png_jpg.rf.693030ad14ed3317c54838b432ffd11f.jpg,250,250,stop,160,123,165,131
sample_341_png_jpg.rf.6ab6bf5854907d808519b5e57593b96a.jpg,250,250,merge,162,148,174,164
sample_381_png_jpg.rf.661c7d7d9a6367f65a9d13a0823744ce.jpg,250,250,merge,189,129,202,150
sample_731_png_jpg.rf.70b95c872c4871eaa6ea2bf94722bd46.jpg,250,250,speedLimit35,171,95,180,111
sample_706_png_jpg.rf.6d1cd4df550dcf56ed692dc87bf0f971.jpg,250,250,keepRight,45,133,55,151
sample_603_png_jpg.rf.6c29fb61c2aed55b4c0415de153b031d.jpg,250,250,keepRight,55,137,64,150
sample_766_png_jpg.rf.6d50bcf0ddd6dd5242cb1d2311b72fda.jpg,250,250,speedLimit35,42,116,50,129
sample_387_png_jpg.rf.724ceeb37b8fbf35590890ce926ab580.jpg,250,250,merge,188,136,205,159
sample_428_png_jpg.rf.6e4030a63f212059eb8363eb79eca44a.jpg,250,250,signalAhead,192,112,203,127
sample_035_png_jpg.rf.6e9a70f4ba7bd2c3b2178fcfbaa6b146.jpg,250,250,stop,227,149,237,163
sample_134_png_jpg.rf.6e5b4a9f94226404d7d133f6c5ab4a91.jpg,250,250,stop,123,19,129,31
sample_645_png_jpg.rf.6b365e4f798a248a9d12f7593af5af1f.jpg,250,250,keepRight,96,173,103,183
sample_606_png_jpg.rf.73de733e1923eeeb311183876105b433.jpg,250,250,keepRight,113,125,122,140
sample_793_png_jpg.rf.7100399ac94d3bcf3960ebacaef58ee2.jpg,250,250,speedLimit35,198,139,209,158
sample_797_png_jpg.rf.6fe0b7b47dcdd6b318070c8cb361278e.jpg,250,250,speedLimit35,172,79,184,99
sample_804_png_jpg.rf.79ab2de45bc11728a099dd0f27524d9a.jpg,250,250,speedLimit35,176,146,185,162
sample_102_png_jpg.rf.7a777de7a4e516d475a61b2dffb8f231.jpg,250,250,stop,154,119,160,127
sample_093_png_jpg.rf.7465eb5f637286837f5ac511af9eb645.jpg,250,250,stop,171,127,186,148
sample_812_png_jpg.rf.7588c86e9b171c0009c9af2f5203318c.jpg,250,250,speedLimit35,148,136,157,152
sample_280_png_jpg.rf.7267818cc77445ad412f6b568db1b58d.jpg,250,250,yieldAhead,156,166,166,180
sample_609_png_jpg.rf.7aecc92f4080b25db7b06d4ab17f6020.jpg,250,250,keepRight,81,24,89,36
sample_679_png_jpg.rf.7635379011d17d49f0a23085f99be01f.jpg,250,250,keepRight,17,88,26,106
sample_089_png_jpg.rf.6d349fbc015d1838162c31b7833b521d.jpg,250,250,stop,142,139,152,152
sample_210_png_jpg.rf.77331f2b3029de2d1d5082a94f683851.jpg,250,250,stop,55,153,62,163
sample_708_png_jpg.rf.772940a78640ecb5cf250ca4d7ed1780.jpg,250,250,keepRight,96,173,103,183
sample_763_png_jpg.rf.737a7133a42497677888f1a0ab6282e5.jpg,250,250,speedLimit35,214,144,223,160
sample_463_png_jpg.rf.7b4a15a4a0cf242fbf90dbb7c4aa93d1.jpg,250,250,signalAhead,163,111,174,126
sample_490_png_jpg.rf.732d8ff24bd744119dec06693a0658c4.jpg,250,250,signalAhead,155,125,161,133
sample_253_png_jpg.rf.7750c51c227088e72089af58bc739e4d.jpg,250,250,yield,221,80,238,101
sample_360_png_jpg.rf.7adaea35849d752c8772a3ff4bafd19c.jpg,250,250,merge,14,91,45,144
sample_439_png_jpg.rf.7cf9cf48ce353a4547a0a17e50ab49ee.jpg,250,250,signalAhead,163,142,175,157
sample_676_png_jpg.rf.7bdf72fb691ee9e07f5d94ce63ca0df7.jpg,250,250,keepRight,64,160,74,176
sample_313_png_jpg.rf.7b133e603f84a335acf6af7bf3dcc9cc.jpg,250,250,merge,211,137,221,151
sample_863_png_jpg.rf.7799b3474540f325fbd6dc6e33e598b8.jpg,250,250,speedLimit25,150,140,158,155
sample_443_png_jpg.rf.7ba9ccae47e705bb022a9c6da09d99da.jpg,250,250,signalAhead,173,116,194,147
sample_025_png_jpg.rf.7aafb6e3cf5256ff34a9636dbbbedc71.jpg,250,250,stop,215,90,229,109
sample_208_png_jpg.rf.7d85137994b8c9e197687346d4dd1083.jpg,250,250,stop,170,85,182,101
sample_097_png_jpg.rf.7cc351c20e17ebe6958812afb812a5ea.jpg,250,250,stop,189,134,201,150
sample_099_png_jpg.rf.7f6087f9ab303d03ea9674e5e4b3c524.jpg,250,250,stop,151,128,161,143
sample_423_png_jpg.rf.7dc817e992d9cf6181bd8658df67b656.jpg,250,250,signalAhead,203,78,228,110
sample_396_png_jpg.rf.7c48777b573e4c7dc52f045576225ac0.jpg,250,250,merge,195,131,206,150
sample_687_png_jpg.rf.7c8d4bd90d0f4bf66928e1c233178e27.jpg,250,250,keepRight,64,167,74,185
sample_450_png_jpg.rf.80ba94db0fbac57911ed0bdd27179199.jpg,250,250,signalAhead,220,25,238,50
sample_205_png_jpg.rf.80edeea90bbca6e66dd25d23800f87ef.jpg,250,250,stop,168,155,177,167
sample_809_png_jpg.rf.812bb9c5a80ab200678ff901953ec287.jpg,250,250,speedLimit35,201,117,218,144
sample_146_png_jpg.rf.8052a21b6605a62bdcf1af45482f1335.jpg,250,250,stop,215,19,225,33
sample_257_png_jpg.rf.824b819d649a1d44c00579cd3359ebea.jpg,250,250,yieldAhead,199,110,226,148
sample_760_png_jpg.rf.7fc8e95dbf170ed5fe116b4bbbaa85c0.jpg,250,250,speedLimit35,172,130,182,146
sample_074_png_jpg.rf.77f67f98af3d7051d95cfba75a9dfeb1.jpg,250,250,stop,121,146,133,161
sample_651_png_jpg.rf.802bf53ad5ff2844c8d77fa56cbd28e3.jpg,250,250,keepRight,96,173,103,183
sample_619_png_jpg.rf.7f74a43570289be28ad2d063e2273461.jpg,250,250,keepRight,5,135,20,156
sample_544_png_jpg.rf.81b3f4c83ab72404f166bab876a87c29.jpg,250,250,pedestrianCrossing,159,120,166,128
sample_864_png_jpg.rf.80a3caaafefc881d50084ea2be6cc350.jpg,250,250,speedLimit25,217,115,223,125
sample_420_png_jpg.rf.7f55241e680f85d41fae9907acb9be6b.jpg,250,250,signalAhead,215,144,230,165
sample_581_png_jpg.rf.812cee6719a5e9660f423efea23776d7.jpg,250,250,pedestrianCrossing,142,113,153,129
sample_897_png_jpg.rf.80e9814f9d7968a4fdd715d5931e6e8c.jpg,250,250,speedLimit25,205,116,211,125
sample_003_png_jpg.rf.813e7eb54234677878e757aa12c9752c.jpg,250,250,stop,139,149,149,163
sample_822_png_jpg.rf.83b0cfe37423233881a8ac106e5d2c41.jpg,250,250,speedLimit25,159,113,166,125
sample_237_png_jpg.rf.85f8a45e111ab002f14c00a95c0fe81d.jpg,250,250,yield,237,19,249,34
sample_624_png_jpg.rf.810108622d8f1d927223b7935db1ce8c.jpg,250,250,keepRight,113,125,122,140
sample_126_png_jpg.rf.862b3f8180677d4b1e1309cf86b00334.jpg,250,250,stop,68,119,74,127
sample_096_png_jpg.rf.84c44d1c884be5722d1aa8e1723b6bb3.jpg,250,250,stop,187,94,198,110
sample_283_png_jpg.rf.85695209ba6761d7a105fc731d39bd1f.jpg,250,250,yieldAhead,157,161,167,176
sample_599_png_jpg.rf.84477642dc5f2d6db26e974a61e0023a.jpg,250,250,pedestrianCrossing,119,113,131,129
sample_681_png_jpg.rf.8653936c4333cb4bc8752db3f5b06f7c.jpg,250,250,keepRight,113,125,122,140
sample_583_png_jpg.rf.8566744cd4267171dacfe95e4ff2a023.jpg,250,250,pedestrianCrossing,216,110,236,138
sample_526_png_jpg.rf.868667a0cfbb5bdb863c1ac4090ecc95.jpg,250,250,pedestrianCrossing,198,40,227,79
sample_540_png_jpg.rf.8a6262702054c31056a35fa1352ecf2d.jpg,250,250,pedestrianCrossing,188,113,200,128
sample_615_png_jpg.rf.87c4e15a97ffa19fc3ab3b5fb2a36d8f.jpg,250,250,keepRight,53,176,64,195
sample_453_png_jpg.rf.89592021e7ecbeadb00a660e5b14a49d.jpg,250,250,signalAhead,161,128,177,151
sample_251_png_jpg.rf.8c0a59ffef89916d63808c61e41445b5.jpg,250,250,yield,50,105,63,120
sample_159_png_jpg.rf.8820426b9fc57a080f0352809926e950.jpg,250,250,stop,164,147,173,159
sample_837_png_jpg.rf.86952f5873d9859e777093f538f4e8ea.jpg,250,250,speedLimit25,241,48,249,61
sample_827_png_jpg.rf.8a1518bf45a832623b0f13b6de4d491e.jpg,250,250,speedLimit25,164,111,172,124
sample_405_png_jpg.rf.62d6621a1f02ac7fec77ee72ead10f90.jpg,250,250,signalAhead,66,99,81,121
sample_197_png_jpg.rf.87fef872f2a658695c605035338fd0e8.jpg,250,250,stop,148,15,155,26
sample_017_png_jpg.rf.88ca96926e4b5bc7dbcf1f0fb7c59e11.jpg,250,250,stop,169,151,179,165
sample_728_png_jpg.rf.88f2ae6354589f56b908a88eb57bf854.jpg,250,250,speedLimit35,184,110,193,124
sample_005_png_jpg.rf.87f0744f5eded2195a473e77f7c10903.jpg,250,250,stop,147,130,156,141
sample_705_png_jpg.rf.89ff66368a26587cc4c4241f00decf1f.jpg,250,250,keepRight,34,120,45,139
sample_720_png_jpg.rf.88fc7170d2df6f84d34ae46135a80753.jpg,250,250,speedLimit35,160,139,166,148
sample_325_png_jpg.rf.8ad9ca1c7afd611e4362641e66666ff0.jpg,250,250,merge,182,143,197,163
sample_448_png_jpg.rf.8d70db322004dff144325a683a698b8c.jpg,250,250,signalAhead,194,128,216,158
sample_207_png_jpg.rf.8a25ef30acc7caa68fec1272ff1a6be7.jpg,250,250,stop,65,154,74,167
sample_736_png_jpg.rf.8bbbb9ca771afbd2b42a58c00ca0af0f.jpg,250,250,speedLimit35,195,92,207,112
sample_447_png_jpg.rf.8d81f2bd204fe18c3c56b784ac91aff7.jpg,250,250,signalAhead,185,101,221,151
sample_653_png_jpg.rf.8c959a3d8f459be3bf1ebf10c8785501.jpg,250,250,keepRight,49,149,57,161
sample_027_png_jpg.rf.8dbac0d99a8e0256f4fd91d11aacdfd1.jpg,250,250,stop,142,91,154,107
sample_059_png_jpg.rf.90fc53cbe366100bcd6fed32d0e990fb.jpg,250,250,stop,124,155,132,166
sample_883_png_jpg.rf.9297ee7205992fe63ecd0fac1f6ef905.jpg,250,250,speedLimit25,158,148,165,161
sample_570_png_jpg.rf.93bfa096525567fc93fdcda5f8adfa97.jpg,250,250,pedestrianCrossing,203,137,213,156
sample_896_png_jpg.rf.8fab93a7c542d7ba870c336c6e0b9f85.jpg,250,250,speedLimit25,190,81,200,98
sample_790_png_jpg.rf.8b8f96b59bfdb46f74743def8bddac3b.jpg,250,250,speedLimit35,166,134,174,147
sample_658_png_jpg.rf.9276e4d8fdd5bdce82e2319a5277cc64.jpg,250,250,keepRight,96,173,103,183
sample_431_png_jpg.rf.91981804b2a110ddccae7869f72589fb.jpg,250,250,signalAhead,210,22,221,37
sample_100_png_jpg.rf.8dc07287aceac9c17f175638de801cf8.jpg,250,250,stop,150,132,162,150
sample_528_png_jpg.rf.921ac6bd2cc5af054c072c206553bec9.jpg,250,250,pedestrianCrossing,169,158,182,176
sample_275_png_jpg.rf.91eb63a40a91f6c7130a63a67a1e2800.jpg,250,250,yieldAhead,163,150,175,167
sample_577_png_jpg.rf.8ed80b9a1289d7ac0db391d3a968f3f2.jpg,250,250,pedestrianCrossing,154,147,163,159
sample_534_png_jpg.rf.90fd50cc847d6cd16c8ef998fef438b0.jpg,250,250,pedestrianCrossing,183,76,206,107
sample_084_png_jpg.rf.954a4b50dcf1d2c83f524db29c1f39bb.jpg,250,250,stop,28,14,42,32
sample_612_png_jpg.rf.965cd3604eb6361e2816f325512cc8e0.jpg,250,250,keepRight,96,173,103,183
sample_165_png_jpg.rf.91529a599638ba63f6007bbc558a1271.jpg,250,250,stop,183,10,199,31
sample_872_png_jpg.rf.936b350d0fbbf83a37ce9245ea6fddf0.jpg,250,250,speedLimit25,179,24,186,38
sample_517_png_jpg.rf.94b6fec59e55edb790bdf27c6c7fb9c0.jpg,250,250,pedestrianCrossing,196,104,209,122
sample_451_png_jpg.rf.92f947f003d9cbc38b4c4ef3de0a0b46.jpg,250,250,signalAhead,121,171,128,180
sample_647_png_jpg.rf.949a678e1857dfb9b260d775dec89d5b.jpg,250,250,keepRight,96,173,103,183
sample_776_png_jpg.rf.964a3df345225501b681522b79b4abc5.jpg,250,250,speedLimit35,205,57,223,85
sample_352_png_jpg.rf.955bd96ff906a04ca56cbdf171a13257.jpg,250,250,merge,150,124,166,151
sample_741_png_jpg.rf.91f2f5025f464d647c9fb0988e60d54c.jpg,250,250,speedLimit35,205,106,215,122
sample_627_png_jpg.rf.976f0a4848e6f5bad01c9a8e587df7f8.jpg,250,250,keepRight,81,24,89,36
sample_171_png_jpg.rf.9920e0585efab7f91434437cf8ffc63e.jpg,250,250,stop,165,98,179,116
sample_120_png_jpg.rf.97f231da4ba35b338af6079c9ee30fa1.jpg,250,250,stop,107,131,120,150
sample_183_png_jpg.rf.9868a2d7396013a6a132a0bf479ce087.jpg,250,250,stop,231,3,245,23
sample_234_png_jpg.rf.9cddcf165a477c1308823ea3a96dcb95.jpg,250,250,yield,131,142,141,154
sample_521_png_jpg.rf.9a9ff024148cd055905ed9debbf1670e.jpg,250,250,pedestrianCrossing,173,116,182,129
sample_402_png_jpg.rf.9a9656e220be926318f4e7005766f155.jpg,250,250,signalAhead,165,152,175,166
sample_781_png_jpg.rf.9c785f362b540faec012833d3b83ab6b.jpg,250,250,speedLimit35,230,77,246,103
sample_519_png_jpg.rf.98a95b0cb5612e0b36afae1b1f460cdf.jpg,250,250,pedestrianCrossing,158,115,177,142
sample_095_png_jpg.rf.970e9ec20b01b748ba4722069b914efa.jpg,250,250,stop,146,154,152,163
sample_147_png_jpg.rf.9ce6a91c8e6d69882eb4aa4b81ac939e.jpg,250,250,stop,207,79,222,102
sample_142_png_jpg.rf.9d01e001fad0f520e0aba505c24b44d3.jpg,250,250,stop,226,114,245,142
sample_265_png_jpg.rf.9e1e31aa5bdf5315e3b4de5df2d3077c.jpg,250,250,yieldAhead,216,94,249,139
sample_722_png_jpg.rf.9af57cc0931e37c754137fd7ec6560fe.jpg,250,250,speedLimit35,197,113,204,124
sample_371_png_jpg.rf.9dc8f574b5c6700ff59e543edec7904a.jpg,250,250,merge,187,137,199,154
sample_065_png_jpg.rf.9ed28755e7ec16aa1051826351435565.jpg,250,250,stop,188,74,204,96
sample_083_png_jpg.rf.9c9cd5438e848b8aad94a6007da1806a.jpg,250,250,stop,224,71,246,101
sample_685_png_jpg.rf.9e3489240c28518e57fcf67a42e4d7e2.jpg,250,250,keepRight,69,160,78,175
sample_762_png_jpg.rf.9ac58221bd4d847a07e33b611db7b7f9.jpg,250,250,speedLimit35,236,102,245,116
sample_770_png_jpg.rf.a02c8d1b5a62a0df1b48c8cbe1892327.jpg,250,250,speedLimit35,138,135,148,152
sample_714_png_jpg.rf.9d73341113244d27ccf52c5049faf953.jpg,250,250,speedLimit35,225,44,246,77
sample_497_png_jpg.rf.9da3edf7a9b6c952b7ed687da70d216a.jpg,250,250,signalAhead,185,88,207,116
sample_368_png_jpg.rf.9f106ba481ab7c8da33db1f3d66c3a53.jpg,250,250,merge,211,137,220,152
sample_055_png_jpg.rf.9fa2e65a387f556f4b325e761c6aa438.jpg,250,250,stop,61,156,69,167
sample_874_png_jpg.rf.a1bdb1a2ef3094ead4a6f3c187b010f0.jpg,250,250,speedLimit25,188,24,196,38
sample_130_png_jpg.rf.a25360330cc312ea88372786542f9e27.jpg,250,250,stop,161,95,169,108
sample_841_png_jpg.rf.a1eb59eb2119fa1c74637d0dadcb59ff.jpg,250,250,speedLimit25,163,143,172,157
sample_862_png_jpg.rf.a1e3bbc73a501aaaf046713bf3d27a9b.jpg,250,250,speedLimit25,238,5,249,25
sample_697_png_jpg.rf.a0875264817ab765a9099ee4b5788b37.jpg,250,250,keepRight,25,95,34,110
sample_172_png_jpg.rf.a1ed89c863ca9db5292ea3c931778d16.jpg,250,250,stop,222,152,232,166
sample_201_png_jpg.rf.a432b20576537a46959eeb31f4bfa9bc.jpg,250,250,stop,153,110,163,124
sample_049_png_jpg.rf.a1f5be8eebe51e24e9f2471c89488121.jpg,250,250,stop,192,23,201,36
sample_616_png_jpg.rf.a2dcd1108a5b336810af8ffa772cd8ac.jpg,250,250,keepRight,61,168,71,185
sample_169_png_jpg.rf.a525ce5638825ea76dc02b4092e9e742.jpg,250,250,stop,200,104,213,121
sample_767_png_jpg.rf.a39335d748c8f935b77cc12f8c071961.jpg,250,250,speedLimit35,223,117,239,143
sample_835_png_jpg.rf.a4dfefcca650d7a448b11ef66ff3159f.jpg,250,250,speedLimit25,211,57,217,68
sample_106_png_jpg.rf.a4f14018e73102eaa15e1f2135301832.jpg,250,250,stop,12,151,20,163
sample_320_png_jpg.rf.a83431e183626f917285e973a3f4be38.jpg,250,250,merge,1,86,34,142
sample_566_png_jpg.rf.a55016236d2b0b868464e69dbaa73823.jpg,250,250,pedestrianCrossing,107,112,115,124
sample_249_png_jpg.rf.a619e59e899c2de87ca0214943216969.jpg,250,250,yield,178,143,184,151
sample_372_png_jpg.rf.a5c9929a8d34d54dc9bf897c19bf9763.jpg,250,250,merge,20,95,51,145
sample_436_png_jpg.rf.a817e7519d7524de0b4d4990b103cca7.jpg,250,250,signalAhead,193,114,220,152
sample_359_png_jpg.rf.a89d92dfebee57d6d03ad74dc15f1aea.jpg,250,250,merge,111,125,130,158
sample_574_png_jpg.rf.a68d2881d1d954ae7c6cd3bb86766c6d.jpg,250,250,pedestrianCrossing,192,111,204,127
sample_474_png_jpg.rf.a8a3f298f0a10d51b98624feced38caa.jpg,250,250,signalAhead,157,116,167,129
sample_754_png_jpg.rf.93ce9d81c61cf95480e262696ba52377.jpg,250,250,speedLimit35,162,123,167,131
sample_541_png_jpg.rf.a81b669037159f1150e7e7e258547989.jpg,250,250,pedestrianCrossing,215,103,232,125
sample_593_png_jpg.rf.a69d76cc73ab5e0ded3370932d357645.jpg,250,250,pedestrianCrossing,174,86,193,113
sample_125_png_jpg.rf.a8fd7ade96a0706d49941fd3290d0e15.jpg,250,250,stop,133,153,140,163
sample_594_png_jpg.rf.a51d7f44bbd3dd1bcb697ac2e43f468b.jpg,250,250,pedestrianCrossing,152,119,160,129
sample_894_png_jpg.rf.a8e244fa2d80aee149afc4f98a5fedbb.jpg,250,250,speedLimit25,157,107,163,119
sample_696_png_jpg.rf.a72596590eb2482a322f2ab282774c5e.jpg,250,250,keepRight,81,24,89,36